{
  "project_info": {
    "project_number": "891646196580",
    "firebase_url": "https://sunnybnb-cb48e.firebaseio.com",
    "project_id": "sunnybnb-cb48e",
    "storage_bucket": "sunnybnb-cb48e.appspot.com"
  },
  "client": [
    {
      "client_info": {
        "mobilesdk_app_id": "1:891646196580:android:6e1ed288fde9ef9e",
        "android_client_info": {
          "package_name": "com.example.ptuxiaki.sunnybnb"
        }
      },
      "oauth_client": [
        {
          "client_id": "891646196580-oto54qkl7aidanpt7ga14qp8pn8jvslf.apps.googleusercontent.com",
          "client_type": 1,
          "android_info": {
            "package_name": "com.example.ptuxiaki.sunnybnb",
            "certificate_hash": "58e187ced02b47a2a2f4020da55fa92c77b83968"
          }
        },
        {
          "client_id": "891646196580-i55nr8th9kbggha92m3uncbkprq4j6ep.apps.googleusercontent.com",
          "client_type": 1,
          "android_info": {
            "package_name": "com.example.ptuxiaki.sunnybnb",
            "certificate_hash": "16b2b22014825345ddcdd987a61cfe2c27f4f8d1"
          }
        },
        {
          "client_id": "891646196580-h3sqb4nfbehq232n2dlh4jk1v52a6ef0.apps.googleusercontent.com",
          "client_type": 3
        }
      ],
      "api_key": [
        {
          "current_key": "AIzaSyBDl2M1j05OQFKiaTQX_AlzmNL42dFSdCI"
        }
      ],
      "services": {
        "analytics_service": {
          "status": 1
        },
        "appinvite_service": {
          "status": 2,
          "other_platform_oauth_client": [
            {
              "client_id": "891646196580-h3sqb4nfbehq232n2dlh4jk1v52a6ef0.apps.googleusercontent.com",
              "client_type": 3
            }
          ]
        },
        "ads_service": {
          "status": 2
        }
      }
    },
    {
      "client_info": {
        "mobilesdk_app_id": "1:891646196580:android:b8d8338358d6e331",
        "android_client_info": {
          "package_name": "com.example.arxdev30.sunnybnb"
        }
      },
      "oauth_client": [
        {
          "client_id": "891646196580-0vto2q5jeorf3irirgs59sqi82dj9iqk.apps.googleusercontent.com",
          "client_type": 1,
          "android_info": {
            "package_name": "com.example.arxdev30.sunnybnb",
            "certificate_hash": "fd13c32ca8acb8b40a2b231d0619e1311046db4d"
          }
        },
        {
          "client_id": "891646196580-h3sqb4nfbehq232n2dlh4jk1v52a6ef0.apps.googleusercontent.com",
          "client_type": 3
        }
      ],
      "api_key": [
        {
          "current_key": "AIzaSyBDl2M1j05OQFKiaTQX_AlzmNL42dFSdCI"
        }
      ],
      "services": {
        "analytics_service": {
          "status": 1
        },
        "appinvite_service": {
          "status": 2,
          "other_platform_oauth_client": [
            {
              "client_id": "891646196580-h3sqb4nfbehq232n2dlh4jk1v52a6ef0.apps.googleusercontent.com",
              "client_type": 3
            }
          ]
        },
        "ads_service": {
          "status": 2
        }
      }
    }
  ],
  "configuration_version": "1"
}